0.47704,5150133,1080,50,0.485363926,0.305,0.97
0.24314,5153487,2100,60,0.485363926,0.305,0.97
0.06923,8474550,80,60,0.485363926,0.305,0.97
0.1731,8512167,80,60,0.485363926,0.305,0.97
0.37052,8512191,280,60,0.485363926,0.305,0.97
0.55465,8564555,80,60,0.485363926,0.305,0.97
3.49992,10561240,80,60,0.485363926,0.305,0.97
0.68928,10561241,80,60,0.485363926,0.305,0.97
0.39776,10561261,80,60,0.485363926,0.305,0.97
0.13678,10561262,80,60,0.485363926,0.305,0.97
0.06502,10561263,680,60,0.485363926,0.305,0.97
0.35932,10561264,3080,60,0.485363926,0.305,0.97
0.47019,10561265,80,60,0.485363926,0.305,0.97
0.31431,10561267,80,60,0.485363926,0.305,0.97
0.14899,10561269,80,60,0.485363926,0.305,0.97
0.21641,10561279,80,60,0.485363926,0.305,0.97
0.0917,12335472,810,40,0.485363926,0.305,0.97
0.12917,12335480,80,60,0.485363926,0.305,0.97
1.50798,16369732,80,60,0.485363926,0.305,0.97
0.95254,23710999,80,60,0.485363926,0.305,0.97
0.58629,87805656,380,60,0.485363926,0.305,0.97
0.20992,87805658,80,70,0.485363926,0.305,0.97
0.13207,87805664,60,60,0.485363926,0.305,0.97
0.31597,87805666,80,60,0.485363926,0.305,0.97
0.15647,87807828,80,60,0.485363926,0.305,0.97
0.20749,87807830,80,60,0.485363926,0.305,0.97
0.26594,87807832,70,60,0.485363926,0.305,0.97
0.29552,87807833,80,60,0.485363926,0.305,0.97
0.32844,87807834,80,60,0.485363926,0.305,0.97
0.27797,87807835,80,60,0.485363926,0.305,0.97
0.13182,87807836,80,60,0.485363926,0.305,0.97
0.30723,87807837,60,60,0.485363926,0.305,0.97
0.66997,87807838,80,60,0.485363926,0.305,0.97
0.5661,87808307,80,60,0.485363926,0.305,0.97
0.15888,87808308,80,60,0.485363926,0.305,0.97
0.23685,87808310,65,60,0.485363926,0.305,0.97
0.26172,87808312,80,60,0.485363926,0.305,0.97
0.29555,88260919,80,60,0.485363926,0.305,0.97
0.14813,88260924,80,60,0.485363926,0.305,0.97
0.23117,88260926,80,60,0.485363926,0.305,0.97
0.17701,88260932,55,60,0.485363926,0.305,0.97
0.14739,88260938,480,60,0.485363926,0.305,0.97
0.59949,88260945,80,60,0.485363926,0.305,0.97
0.4959,88260952,80,60,0.485363926,0.305,0.97
0.28952,88260954,44,60,0.485363926,0.305,0.97
0.064,88260957,80,60,0.485363926,0.305,0.97
0.30908,88260959,80,60,0.485363926,0.305,0.97
0.49535,88260970,80,60,0.485363926,0.305,0.97
0.16819,88260974,80,60,0.485363926,0.305,0.97
0.04871,88260978,80,60,0.485363926,0.305,0.97
0.14222,88260980,80,60,0.485363926,0.305,0.97
0.23422,88270775,80,60,0.485363926,0.305,0.97
0.4004,88270777,80,60,0.485363926,0.305,0.97
0.13441,88270778,90,60,0.485363926,0.305,0.97
0.11099,88270779,80,60,0.485363926,0.305,0.97
0.4616,88270781,80,60,0.485363926,0.305,0.97
0.24753,88270784,80,60,0.485363926,0.305,0.97
0.26743,88270785,80,60,0.485363926,0.305,0.97
0.27568,88270786,80,60,0.485363926,0.305,0.97
0.10138,88270788,80,60,0.485363926,0.305,0.97
0.0908,88273960,28,60,0.485363926,0.305,0.97
0.15241,88273961,80,60,0.485363926,0.305,0.97
0.28925,88273962,80,60,0.485363926,0.305,0.97
0.39028,88273963,80,80,0.485363926,0.305,0.97
0.08674,88273964,80,60,0.485363926,0.305,0.97
0.11953,88273965,4080,60,0.485363926,0.305,0.97
0.41103,88273966,80,60,0.485363926,0.305,0.97
0.09503,88273967,80,60,0.485363926,0.305,0.97
0.37133,88273968,80,60,0.485363926,0.305,0.97
0.25469,88273969,80,60,0.485363926,0.305,0.97
0.3694,88274551,180,60,0.485363926,0.305,0.97
0.10446,88274555,80,60,0.485363926,0.305,0.97
0.59549,88274557,80,60,0.485363926,0.305,0.97
0.34228,88274562,180,40,0.485363926,0.305,0.97
0.88252,88274564,80,60,0.485363926,0.305,0.97
0.09415,88274570,80,60,0.485363926,0.305,0.97
0.11527,88274575,80,60,0.485363926,0.305,0.97
0.39381,88669570,80,60,0.485363926,0.305,0.97
0.38358,88669590,80,60,0.485363926,0.305,0.97
0.56103,88669592,80,60,0.485363926,0.305,0.97
0.19058,88669602,80,60,0.485363926,0.305,0.97
0.56124,88669612,80,60,0.485363926,0.305,0.97
0.56117,88669615,280,60,0.485363926,0.305,0.97
0.07947,88669623,80,60,0.485363926,0.305,0.97
0.5631,88669634,80,60,0.485363926,0.305,0.97
0.32422,88669639,480,60,0.485363926,0.305,0.97
0.12646,88669648,80,60,0.485363926,0.305,0.97
0.5611,88669654,80,60,0.485363926,0.305,0.97
0.5568,88669663,80,60,0.485363926,0.305,0.97
0.4735,88669668,80,60,0.485363926,0.305,0.97
0.45195,88683339,80,60,0.485363926,0.305,0.97
0.49904,88683345,80,60,0.485363926,0.305,0.97
0.14868,88683371,80,60,0.485363926,0.305,0.97
0.24897,91328840,380,60,0.485363926,0.305,0.97
0.14579,91328841,80,60,0.485363926,0.305,0.97
0.24805,91328842,80,60,0.485363926,0.305,0.97
0.15069,91328843,80,60,0.485363926,0.305,0.97
0.15703,91328845,80,60,0.485363926,0.305,0.97
0.29541,91328846,80,60,0.485363926,0.305,0.97
0.1007,91328848,80,60,0.485363926,0.305,0.97
0.15811,91328849,180,60,0.485363926,0.305,0.97
0.66233,91328850,80,60,0.485363926,0.305,0.97
0.18575,91328851,80,60,0.485363926,0.305,0.97
0.24244,91328855,80,60,0.485363926,0.305,0.97
0.13693,91328856,80,60,0.485363926,0.305,0.97
0.10229,91328857,80,60,0.485363926,0.305,0.97
0.33981,91328858,80,60,0.485363926,0.305,0.97
0.23346,91328859,80,60,0.485363926,0.305,0.97
0.1056,91328860,80,60,0.485363926,0.305,0.97
0.15336,91328861,580,60,0.485363926,0.305,0.97
0.09872,91328862,80,60,0.485363926,0.305,0.97
0.17161,91328863,80,60,0.485363926,0.305,0.97
0.193,91328864,80,60,0.485363926,0.305,0.97
0.15061,91328865,80,60,0.485363926,0.305,0.97
0.36661,91328866,80,60,0.485363926,0.305,0.97
0.08005,91328867,80,60,0.485363926,0.305,0.97
0.14024,91328868,80,60,0.485363926,0.305,0.97
0.13348,91328869,80,60,0.485363926,0.305,0.97
0.33197,91328870,80,60,0.485363926,0.305,0.97
0.15097,91328871,780,60,0.485363926,0.305,0.97
0.40134,93145289,80,60,0.485363926,0.305,0.97
0.17668,93145291,80,60,0.485363926,0.305,0.97
0.12652,93855590,80,60,0.485363926,0.305,0.97
0.30592,93855592,80,60,0.485363926,0.305,0.97
0.08006,93855599,80,60,0.485363926,0.305,0.97
0.10146,93855600,830,50,0.485363926,0.305,0.97
0.15853,93855602,80,60,0.485363926,0.305,0.97
0.4559,93855606,280,60,0.485363926,0.305,0.97
0.21205,93855609,80,60,0.485363926,0.305,0.97
0.39256,93855610,80,60,0.485363926,0.305,0.97
0.19481,93855611,80,60,0.485363926,0.305,0.97
0.08289,93855612,80,60,0.485363926,0.305,0.97
0.0218,93855613,80,60,0.485363926,0.305,0.97
9.49904,93855614,80,60,0.485363926,0.305,0.97
0.48102,93855616,80,60,0.485363926,0.305,0.97
0.32733,93855617,80,60,0.485363926,0.305,0.97
0.02254,93855618,80,60,0.485363926,0.305,0.97
0.32791,93855619,80,60,0.485363926,0.305,0.97
0.44036,93855621,560,60,0.485363926,0.305,0.97
0.2545,93855622,80,60,0.485363926,0.305,0.97
0.07362,93855623,80,60,0.485363926,0.305,0.97
0.16644,93855624,80,60,0.485363926,0.305,0.97
0.19292,93855625,80,60,0.485363926,0.305,0.97
0.18437,93855626,80,60,0.485363926,0.305,0.97
0.26742,93855627,800,60,0.485363926,0.305,0.97
0.20564,93858642,80,60,0.485363926,0.305,0.97
0.20276,93858643,80,60,0.485363926,0.305,0.97
0.05424,93858644,80,60,0.485363926,0.305,0.97
0.31171,93858646,80,60,0.485363926,0.305,0.97
0.08126,93858650,80,60,0.485363926,0.305,0.97
0.6752,93858653,80,60,0.485363926,0.305,0.97
0.46195,93858656,100,60,0.485363926,0.305,0.97
0.05801,93858657,80,60,0.485363926,0.305,0.97
0.21226,93858659,80,60,0.485363926,0.305,0.97
0.12662,93858661,80,60,0.485363926,0.305,0.97
0.23546,93858662,80,60,0.485363926,0.305,0.97
0.15588,104844585,340,60,0.485363926,0.305,0.97
0.10121,129534178,80,60,0.485363926,0.305,0.97
0.09931,129534179,80,60,0.485363926,0.305,0.97
0.03427,129534180,80,60,0.485363926,0.305,0.97
0.10559,129534181,80,60,0.485363926,0.305,0.97
0.16855,129534182,80,60,0.485363926,0.305,0.97
0.44245,129534183,80,60,0.485363926,0.305,0.97
0.08802,129534184,810,45,0.485363926,0.305,0.97
0.14104,129534186,80,60,0.485363926,0.305,0.97
0.13943,129534187,80,60,0.485363926,0.305,0.97
0.21651,129534200,80,60,0.485363926,0.305,0.97
0.20908,129534201,80,60,0.485363926,0.305,0.97
0.21706,129534204,280,60,0.485363926,0.305,0.97
0.802,129534205,80,60,0.485363926,0.305,0.97
0.10376,129534207,80,60,0.485363926,0.305,0.97
0.0981,129534210,80,60,0.485363926,0.305,0.97
0.12826,129534211,80,60,0.485363926,0.305,0.97
0.09193,129534212,680,60,0.485363926,0.305,0.97
0.36686,129534216,80,60,0.485363926,0.305,0.97
0.39638,129534217,80,60,0.485363926,0.305,0.97
0.18508,129534218,80,60,0.485363926,0.305,0.97
0.27977,129534219,80,60,0.485363926,0.305,0.97
0.16668,129534220,380,60,0.485363926,0.305,0.97
0.15958,129534221,80,60,0.485363926,0.305,0.97
0.20087,129534222,80,60,0.485363926,0.305,0.97
0.17565,129534224,80,60,0.485363926,0.305,0.97
0.1505,129535569,80,60,0.485363926,0.305,0.97
0.13459,129535570,80,60,0.485363926,0.305,0.97
0.16622,129535571,80,60,0.485363926,0.305,0.97
0.07249,129535572,980,60,0.485363926,0.305,0.97
0.10091,129535573,180,60,0.485363926,0.305,0.97
0.17053,129535574,280,60,0.485363926,0.305,0.97
0.09839,129535576,380,60,0.485363926,0.305,0.97
0.63294,129535577,480,60,0.485363926,0.305,0.97
0.21359,129535578,680,60,0.485363926,0.305,0.97
0.08527,129535579,80,60,0.485363926,0.305,0.97
0.15448,129535580,580,60,0.485363926,0.305,0.97
0.09241,129535581,80,60,0.485363926,0.305,0.97
0.21915,129535583,80,60,0.485363926,0.305,0.97
0.05078,129535584,80,60,0.485363926,0.305,0.97
0.22636,129556765,80,60,0.485363926,0.305,0.97
0.08556,129556767,80,60,0.485363926,0.305,0.97
0.19153,129556768,80,60,0.485363926,0.305,0.97
0.07166,129556769,80,60,0.485363926,0.305,0.97
0.31319,129556770,980,60,0.485363926,0.305,0.97
0.27833,129556771,80,60,0.485363926,0.305,0.97
0.97771,129556772,80,60,0.485363926,0.305,0.97
0.28725,129556773,80,60,0.485363926,0.305,0.97
0.13335,129556774,180,60,0.485363926,0.305,0.97
0.29791,129556775,80,60,0.485363926,0.305,0.97
0.05259,129556776,80,60,0.485363926,0.305,0.97
0.16716,129556778,80,60,0.485363926,0.305,0.97
0.13705,129556779,80,60,0.485363926,0.305,0.97
0.19684,129556780,610,60,0.485363926,0.305,0.97
0.15746,129556781,80,60,0.485363926,0.305,0.97
0.43153,129556782,80,60,0.485363926,0.305,0.97
0.34571,129556783,80,60,0.485363926,0.305,0.97
0.14606,129556784,80,60,0.485363926,0.305,0.97
0.25316,129556785,80,60,0.485363926,0.305,0.97
0.08564,129556786,80,60,0.485363926,0.305,0.97
0.1218,129556787,80,60,0.485363926,0.305,0.97
0.10857,129556788,80,60,0.485363926,0.305,0.97
0.0909,129556789,80,60,0.485363926,0.305,0.97
0.34403,129556790,80,60,0.485363926,0.305,0.97
0.13685,129556791,80,60,0.485363926,0.305,0.97
1.02029,129586376,80,60,0.485363926,0.305,0.97
0.35945,129586377,66,60,0.485363926,0.305,0.97
0.52608,129586378,80,60,0.485363926,0.305,0.97
0.08178,129586379,80,60,0.485363926,0.305,0.97
0.2101,129586380,80,60,0.485363926,0.305,0.97
0.08348,129586381,77,60,0.485363926,0.305,0.97
0.10591,129586382,80,60,0.485363926,0.305,0.97
0.22354,129586383,80,60,0.485363926,0.305,0.97
2.28418,129586384,80,60,0.485363926,0.305,0.97
0.15767,129586385,80,60,0.485363926,0.305,0.97
0.2819,129586386,80,60,0.485363926,0.305,0.97
0.31155,129586388,80,60,0.485363926,0.305,0.97
0.1937,129586390,80,60,0.485363926,0.305,0.97
0.21371,129586391,88,60,0.485363926,0.305,0.97
0.13729,129586392,80,60,0.485363926,0.305,0.97
0.95047,129586393,80,60,0.485363926,0.305,0.97
0.18809,129586394,80,60,0.485363926,0.305,0.97
10.58706,129586395,80,60,0.485363926,0.305,0.97
0.12631,129586396,80,60,0.485363926,0.305,0.97
0.37424,129586397,80,60,0.485363926,0.305,0.97
0.16213,129586398,80,60,0.485363926,0.305,0.97
0.05415,129586399,80,60,0.485363926,0.305,0.97
0.17347,129586400,99,60,0.485363926,0.305,0.97
0.08332,129586401,80,60,0.485363926,0.305,0.97
0.13347,129586403,80,60,0.485363926,0.305,0.97
0.29496,129586404,80,60,0.485363926,0.305,0.97
0.12242,129586406,80,60,0.485363926,0.305,0.97
0.18004,129586407,80,60,0.485363926,0.305,0.97
0.14699,129586409,80,60,0.485363926,0.305,0.97
0.10212,129586410,80,60,0.485363926,0.305,0.97
0.13194,129586412,80,60,0.485363926,0.305,0.97
0.50618,129725802,80,60,0.485363926,0.305,0.97
0.19498,129725805,80,60,0.485363926,0.305,0.97
0.29769,129725816,80,60,0.485363926,0.305,0.97
0.28859,129725817,80,60,0.485363926,0.305,0.97
0.18855,129725823,80,60,0.485363926,0.305,0.97
0.31744,129725825,80,60,0.485363926,0.305,0.97
0.24702,129725826,80,60,0.485363926,0.305,0.97
0.19575,129725827,80,60,0.485363926,0.305,0.97
0.29271,129725831,80,60,0.485363926,0.305,0.97
0.2865,129725837,81,60,0.485363926,0.305,0.97
0.32072,129725838,80,60,0.485363926,0.305,0.97
0.18208,129725843,80,60,0.485363926,0.305,0.97
0.2019,129725858,80,60,0.485363926,0.305,0.97
0.17521,129725860,80,60,0.485363926,0.305,0.97
1.37875,129725866,80,60,0.485363926,0.305,0.97
0.15355,129725875,80,60,0.485363926,0.305,0.97
0.11773,133753444,80,60,0.485363926,0.305,0.97
0.24363,133753445,80,60,0.485363926,0.305,0.97
0.23285,133753446,80,60,0.485363926,0.305,0.97
0.2095,133753447,80,60,0.485363926,0.305,0.97
0.51988,133753449,50,60,0.485363926,0.305,0.97
0.26666,133753452,80,60,0.485363926,0.305,0.97
0.35604,133755470,80,60,0.485363926,0.305,0.97
0.09235,133755471,80,60,0.485363926,0.305,0.97
0.08336,133755472,80,60,0.485363926,0.305,0.97
0.31455,133755473,80,60,0.485363926,0.305,0.97
1.95391,133755474,80,60,0.485363926,0.305,0.97
0.28959,133755475,80,60,0.485363926,0.305,0.97
0.04442,133758770,490,60,0.485363926,0.305,0.97
0.24017,133758771,80,60,0.485363926,0.305,0.97
0.06637,133758772,80,60,0.485363926,0.305,0.97
0.23149,133758773,80,60,0.485363926,0.305,0.97
0.20354,133758774,80,60,0.485363926,0.305,0.97
0.29832,133761004,80,60,0.485363926,0.305,0.97
0.23515,133761005,810,60,0.485363926,0.305,0.97
0.43024,133761008,80,60,0.485363926,0.305,0.97
0.07652,133761011,80,60,0.485363926,0.305,0.97
0.02352,133761013,380,60,0.485363926,0.305,0.97
0.15804,133761015,80,60,0.485363926,0.305,0.97
0.13275,133761017,80,60,0.485363926,0.305,0.97
0.27241,133761018,80,60,0.485363926,0.305,0.97
0.14826,133761023,80,60,0.485363926,0.305,0.97
0.06084,133761024,80,60,0.485363926,0.305,0.97
0.52005,133761028,680,60,0.485363926,0.305,0.97
0.37005,133763997,80,60,0.485363926,0.305,0.97
0.20829,133763998,80,60,0.485363926,0.305,0.97
0.63716,133764001,80,60,0.485363926,0.305,0.97
0.42308,133764003,80,60,0.485363926,0.305,0.97
0.13786,133764004,80,60,0.485363926,0.305,0.97
0.03884,133764005,280,60,0.485363926,0.305,0.97
0.06426,133764007,80,60,0.485363926,0.305,0.97
0.41552,133764009,80,60,0.485363926,0.305,0.97
0.08055,133766186,80,60,0.485363926,0.305,0.97
0.48488,133766187,80,60,0.485363926,0.305,0.97
0.36481,133766190,80,60,0.485363926,0.305,0.97
0.09716,133766196,80,60,0.485363926,0.305,0.97
0.1837,133766201,80,60,0.485363926,0.305,0.97
0.01778,133772445,380,60,0.485363926,0.305,0.97
0.11391,133772447,80,60,0.485363926,0.305,0.97
0.22016,133772449,80,60,0.485363926,0.305,0.97
0.22867,133772451,80,60,0.485363926,0.305,0.97
0.34047,133772455,80,60,0.485363926,0.305,0.97
0.05431,133772459,80,60,0.485363926,0.305,0.97
0.06429,133772462,80,60,0.485363926,0.305,0.97
0.05584,133772464,80,60,0.485363926,0.305,0.97
0.22318,133772465,80,60,0.485363926,0.305,0.97
0.09414,133772467,80,60,0.485363926,0.305,0.97
0.13172,133772469,80,60,0.485363926,0.305,0.97
0.14867,133772471,80,60,0.485363926,0.305,0.97
0.04151,133772476,450,60,0.485363926,0.305,0.97
0.35311,133772477,80,60,0.485363926,0.305,0.97
0.22226,133772480,80,60,0.485363926,0.305,0.97
0.06782,133772482,80,60,0.485363926,0.305,0.97
0.07139,133772485,80,60,0.485363926,0.305,0.97
0.49557,133781033,80,60,0.485363926,0.305,0.97
0.20347,133781034,80,60,0.485363926,0.305,0.97
0.05053,133781036,80,60,0.485363926,0.305,0.97
0.56789,133781037,80,60,0.485363926,0.305,0.97
0.20167,133781048,380,60,0.485363926,0.305,0.97
0.18571,133781053,80,60,0.485363926,0.305,0.97
0.05992,133781054,80,60,0.485363926,0.305,0.97
0.16756,133781055,80,60,0.485363926,0.305,0.97
0.22349,133781058,80,60,0.485363926,0.305,0.97
0.21552,133781060,80,60,0.485363926,0.305,0.97
0.09659,133781061,80,60,0.485363926,0.305,0.97
0.28259,133781062,80,60,0.485363926,0.305,0.97
0.19479,133781063,80,60,0.485363926,0.305,0.97
3.04952,133795072,80,60,0.485363926,0.305,0.97
0.28182,133801688,80,60,0.485363926,0.305,0.97
0.62692,133801689,80,60,0.485363926,0.305,0.97
0.29605,133801693,80,60,0.485363926,0.305,0.97
9.50274,134222253,80,60,0.485363926,0.305,0.97
0.15487,166721522,80,60,0.485363926,0.305,0.97
0.1303,166721523,80,60,0.485363926,0.305,0.97
0.24001,166721524,280,60,0.485363926,0.305,0.97
0.13392,166721525,80,60,0.485363926,0.305,0.97
0.0445,166721526,80,60,0.485363926,0.305,0.97
0.18837,166721530,80,60,0.485363926,0.305,0.97
0.19836,166721531,80,60,0.485363926,0.305,0.97
0.07328,166721532,80,60,0.485363926,0.305,0.97
0.08111,166721535,80,60,0.485363926,0.305,0.97
0.05312,166721537,80,60,0.485363926,0.305,0.97
0.05208,166721538,80,60,0.485363926,0.305,0.97
0.0265,166721539,810,60,0.485363926,0.305,0.97
0.20527,166721541,80,60,0.485363926,0.305,0.97
0.07743,166721542,80,60,0.485363926,0.305,0.97
0.09092,166721543,80,60,0.485363926,0.305,0.97
0.11146,166721546,80,60,0.485363926,0.305,0.97
0.11382,166721547,80,60,0.485363926,0.305,0.97
0.48191,166721548,80,60,0.485363926,0.305,0.97
0.29654,166721549,80,60,0.485363926,0.305,0.97
0.23337,166721551,80,60,0.485363926,0.305,0.97
0.22802,166721552,80,60,0.485363926,0.305,0.97
0.11708,166721553,180,60,0.485363926,0.305,0.97
0.15712,166721555,80,60,0.485363926,0.305,0.97
0.22251,166721557,80,60,0.485363926,0.305,0.97
0.10889,215113162,80,60,0.485363926,0.305,0.97
1.93475,215113163,80,60,0.485363926,0.305,0.97
0.03816,215113165,80,60,0.485363926,0.305,0.97
0.12933,215113166,80,60,0.485363926,0.305,0.97
0.05026,215113167,80,60,0.485363926,0.305,0.97
0.08022,215113169,80,60,0.485363926,0.305,0.97
0.05459,215113170,80,60,0.485363926,0.305,0.97
0.07283,215113171,80,60,0.485363926,0.305,0.97
0.29459,215113172,80,60,0.485363926,0.305,0.97
0.08576,215113173,80,60,0.485363926,0.305,0.97
0.10025,215118919,80,60,0.485363926,0.305,0.97
0.25,215118920,80,60,0.485363926,0.305,0.97
0.11963,215118921,80,60,0.485363926,0.305,0.97
0.22254,215118922,80,60,0.485363926,0.305,0.97
2.42211,215118923,80,60,0.485363926,0.305,0.97
0.4691,215118924,80,60,0.485363926,0.305,0.97
0.14114,215135595,80,60,0.485363926,0.305,0.97
0.09938,215135598,80,60,0.485363926,0.305,0.97
0.18325,215135600,80,60,0.485363926,0.305,0.97
0.03053,215397527,80,60,0.485363926,0.305,0.97
0.0379,215397528,180,60,0.485363926,0.305,0.97
0.04563,215397529,80,60,0.485363926,0.305,0.97
0.03288,215397531,80,60,0.485363926,0.305,0.97
0.14025,215397532,80,60,0.485363926,0.305,0.97
0.0281,215397536,80,60,0.485363926,0.305,0.97
0.22406,215492885,80,60,0.485363926,0.305,0.97
0.31328,215492889,80,60,0.485363926,0.305,0.97
0.03426,215573633,280,60,0.485363926,0.305,0.97
0.04801,215573634,80,60,0.485363926,0.305,0.97
0.03405,215573635,80,60,0.485363926,0.305,0.97
1.51423,215573636,80,60,0.485363926,0.305,0.97
0.03832,215573637,80,60,0.485363926,0.305,0.97
0.03951,215573638,80,60,0.485363926,0.305,0.97
0.02953,215573639,80,60,0.485363926,0.305,0.97
0.14945,215573640,80,60,0.485363926,0.305,0.97
0.02894,234853304,80,60,0.485363926,0.305,0.97
0.61883,264916646,80,60,0.485363926,0.305,0.97
8.37748,279540305,80,60,0.485363926,0.305,0.97
3.34807,279540310,80,60,0.485363926,0.305,0.97
0.06202,280342855,80,60,0.485363926,0.305,0.97
0.11641,280342861,80,60,0.485363926,0.305,0.97
0.14322,280343608,80,60,0.485363926,0.305,0.97
0.10837,280343611,80,60,0.485363926,0.305,0.97
0.15843,280343613,80,60,0.485363926,0.305,0.97
0.12835,280343615,80,60,0.485363926,0.305,0.97
0.19639,280346475,80,60,0.485363926,0.305,0.97
0.09509,280346476,80,60,0.485363926,0.305,0.97
0.0622,280346477,80,60,0.485363926,0.305,0.97
0.09153,280346478,80,60,0.485363926,0.305,0.97
0.11217,280346480,80,60,0.485363926,0.305,0.97
0.11196,280346482,80,60,0.485363926,0.305,0.97
0.13921,280346483,80,60,0.485363926,0.305,0.97
0.07061,280347363,80,60,0.485363926,0.305,0.97
0.11194,280347364,80,60,0.485363926,0.305,0.97
0.04488,280347365,80,60,0.485363926,0.305,0.97
0.17991,280348107,80,60,0.485363926,0.305,0.97
1.68803,292126951,80,60,0.485363926,0.305,0.97
0.12516,328558517,80,60,0.485363926,0.305,0.97
0.61494,328558520,80,60,0.485363926,0.305,0.97
0.21655,328558523,80,60,0.485363926,0.305,0.97
0.21974,328558525,80,60,0.485363926,0.305,0.97
1.04612,328558526,80,60,0.485363926,0.305,0.97
0.28791,328558538,80,60,0.485363926,0.305,0.97
0.25278,328558539,187,60,0.485363926,0.305,0.97
0.28036,328558540,80,60,0.485363926,0.305,0.97
0.12363,328558542,80,60,0.485363926,0.305,0.97
1.07726,328558543,2580,80,0.485363926,0.305,0.9
0.03331,328558544,80,60,0.485363926,0.305,0.97
0.45549,337156146,80,60,0.485363926,0.305,0.97
0.52435,337156147,80,60,0.485363926,0.305,0.97
4.73932,363197222,80,60,0.485363926,0.305,0.97
29.90577,363343321,80,60,0.485363926,0.305,0.97
0.21783,363803408,80,60,0.485363926,0.305,0.97
5.57513,374634645,80,60,0.485363926,0.305,0.97
0.10178,407952529,80,60,0.485363926,0.305,0.97
1.0148,415781956,80,60,0.485363926,0.305,0.97
0.29109,465174452,80,60,0.485363926,0.305,0.97
0.08451,505392468,80,60,0.485363926,0.305,0.97
0.01388,507242103,80,60,0.485363926,0.305,0.97
0.38395,507242108,80,60,0.485363926,0.305,0.97
0.01462,507242111,80,60,0.485363926,0.305,0.97
0.46893,507242115,80,60,0.485363926,0.305,0.97
0.03214,507242131,80,60,0.485363926,0.305,0.97
0.03355,507242135,80,60,0.485363926,0.305,0.97
0.44257,530737584,80,60,0.485363926,0.305,0.97
0.12987,530737585,80,60,0.485363926,0.305,0.97
0.03608,530737586,80,60,0.485363926,0.305,0.97
0.12638,530737589,80,60,0.485363926,0.305,0.97
0.65639,530737591,80,60,0.485363926,0.305,0.97
1.13369,530737592,80,60,0.485363926,0.305,0.97
0.0259,530737593,180,60,0.485363926,0.305,0.97
0.08408,530737594,80,60,0.485363926,0.305,0.97
0.33894,530740407,80,60,0.485363926,0.305,0.97
0.24226,530740408,80,60,0.485363926,0.305,0.97
0.26099,538086576,80,60,0.485363926,0.305,0.97
0.06241,538086577,80,60,0.485363926,0.305,0.97
0.12671,542419712,80,60,0.485363926,0.305,0.97
0.06471,544228973,80,60,0.485363926,0.305,0.97
0.05851,544228974,380,60,0.485363926,0.305,0.97
0.05299,544228975,80,60,0.485363926,0.305,0.97
0.03202,548575340,80,60,0.485363926,0.305,0.97
0.04408,548575341,80,60,0.485363926,0.305,0.97
0.05961,548575342,80,60,0.485363926,0.305,0.97
0.08614,558796888,80,60,0.485363926,0.305,0.97
0.29352,558796889,80,60,0.485363926,0.305,0.97
0.12711,558796890,111,60,0.485363926,0.305,0.97
0.00972,558796891,80,60,0.485363926,0.305,0.97
0.26019,558796892,80,60,0.485363926,0.305,0.97
0.07119,558796893,80,60,0.485363926,0.305,0.97
0.18038,558796894,80,60,0.485363926,0.305,0.97
0.23145,558796895,80,60,0.485363926,0.305,0.97
0.10067,558796896,80,60,0.485363926,0.305,0.97
0.02308,558803341,80,60,0.485363926,0.305,0.97
0.01967,558803342,80,60,0.485363926,0.305,0.97
0.07386,558803343,80,60,0.485363926,0.305,0.97
0.15384,558803344,80,60,0.485363926,0.305,0.97
0.15058,558864240,80,60,0.485363926,0.305,0.97
0.06476,558864242,80,60,0.485363926,0.305,0.97
0.17371,558864243,80,60,0.485363926,0.305,0.97
0.05803,558864244,80,60,0.485363926,0.305,0.97
0.1462,558864245,220,60,0.485363926,0.305,0.97
0.08087,558864246,80,60,0.485363926,0.305,0.97
0.0827,558864247,80,60,0.485363926,0.305,0.97
0.03908,558864248,80,60,0.485363926,0.305,0.97
0.04258,558864249,80,60,0.485363926,0.305,0.97
0.07322,558864250,80,60,0.485363926,0.305,0.97
0.05961,558864251,80,60,0.485363926,0.305,0.97
0.05832,558867032,80,60,0.485363926,0.305,0.97
0.07559,558867033,80,60,0.485363926,0.305,0.97
0.04378,558867034,80,60,0.485363926,0.305,0.97
0.04158,559069076,80,60,0.485363926,0.305,0.97
0.09293,559069078,80,60,0.485363926,0.305,0.97
0.0079,559069080,80,60,0.485363926,0.305,0.97
0.13073,559069082,80,60,0.485363926,0.305,0.97
0.06148,559069084,80,60,0.485363926,0.305,0.97
0.04734,559069085,80,60,0.485363926,0.305,0.97
0.06335,559069086,80,60,0.485363926,0.305,0.97
0.06586,559069087,80,60,0.485363926,0.305,0.97
0.00737,559069088,80,60,0.485363926,0.305,0.97
0.1792,559069089,80,60,0.485363926,0.305,0.97
0.03043,559069091,80,60,0.485363926,0.305,0.97
0.02033,559069092,80,60,0.485363926,0.305,0.97
0.11855,559095422,80,60,0.485363926,0.305,0.97
0.1396,559095423,80,60,0.485363926,0.305,0.97
0.24308,559095424,670,60,0.485363926,0.305,0.97
0.16696,559095425,80,60,0.485363926,0.305,0.97
0.23195,559103156,80,60,0.485363926,0.305,0.97
0.17058,559103157,80,60,0.485363926,0.305,0.97
0.03884,559103158,80,60,0.485363926,0.305,0.97
0.05136,559103159,80,60,0.485363926,0.305,0.97
0.16047,559103161,80,60,0.485363926,0.305,0.97
0.05773,559103162,80,60,0.485363926,0.305,0.97
0.10142,559103163,80,60,0.485363926,0.305,0.97
0.09875,559103164,80,60,0.485363926,0.305,0.97
0.05881,559103165,80,60,0.485363926,0.305,0.97
0.53501,559106889,88,60,0.485363926,0.305,0.97
0.00695,559106890,80,60,0.485363926,0.305,0.97
0.09233,559106891,80,60,0.485363926,0.305,0.97
0.06437,559106892,80,60,0.485363926,0.305,0.97
0.10958,559106893,80,60,0.485363926,0.305,0.97
0.05917,559106894,80,60,0.485363926,0.305,0.97
0.08005,559106895,99,60,0.485363926,0.305,0.97
0.17025,559106896,80,60,0.485363926,0.305,0.97
0.09224,559111781,80,60,0.485363926,0.305,0.97
0.01418,559142304,80,60,0.485363926,0.305,0.97
0.00812,559142305,80,60,0.485363926,0.305,0.97
0.01431,559142306,680,60,0.485363926,0.305,0.97
0.00849,559142307,80,60,0.485363926,0.305,0.97
0.00739,559142308,80,60,0.485363926,0.305,0.97
0.00797,559142309,80,60,0.485363926,0.305,0.97
0.06486,559142310,810,60,0.485363926,0.305,0.97
0.02528,559142329,80,60,0.485363926,0.305,0.97
0.05035,559142330,80,60,0.485363926,0.305,0.97
0.02711,559142331,80,60,0.485363926,0.305,0.97
0.13322,559174561,80,60,0.485363926,0.305,0.97
0.17927,559174562,80,60,0.485363926,0.305,0.97
0.00845,559174563,860,60,0.485363926,0.305,0.97
0.01256,559174564,80,60,0.485363926,0.305,0.97
0.0136,559174565,80,60,0.485363926,0.305,0.97
0.04476,559174566,80,60,0.485363926,0.305,0.97
0.05998,559174567,80,60,0.485363926,0.305,0.97
0.57306,559174570,80,60,0.485363926,0.305,0.97
0.1537,559174571,80,60,0.485363926,0.305,0.97
0.41678,560577491,480,60,0.485363926,0.305,0.97
0.1307,560577492,80,60,0.485363926,0.305,0.97
0.09261,560577493,80,60,0.485363926,0.305,0.97
0.22356,560577494,80,60,0.485363926,0.305,0.97
5.62736,564441298,4350,100,0.485363926,0.305,0.97
0.07499,567150471,80,60,0.485363926,0.305,0.97
0.06527,567150472,680,60,0.485363926,0.305,0.97
0.04653,567150473,80,60,0.485363926,0.305,0.97
0.11342,567150476,80,60,0.485363926,0.305,0.97
0.48161,568364486,80,60,0.485363926,0.305,0.97
0.05912,586290605,380,60,0.485363926,0.305,0.97
0.0555,586290607,80,60,0.485363926,0.305,0.97
0.20422,586290609,80,60,0.485363926,0.305,0.97
0.17557,586290611,80,60,0.485363926,0.305,0.97
0.25393,586290614,80,60,0.485363926,0.305,0.97
0.13611,586290616,80,60,0.485363926,0.305,0.97
0.06583,586290620,80,60,0.485363926,0.305,0.97
0.03812,586290622,80,60,0.485363926,0.305,0.97
0.0315,586290624,80,60,0.485363926,0.305,0.97
0.08296,586293949,80,60,0.485363926,0.305,0.97
0.04596,586293951,80,60,0.485363926,0.305,0.97
0.22483,586293952,80,60,0.485363926,0.305,0.97
0.13256,586360974,80,60,0.485363926,0.305,0.97
0.1242,586367387,80,60,0.485363926,0.305,0.97
0.04362,586367388,80,60,0.485363926,0.305,0.97
0.01955,586367389,80,60,0.485363926,0.305,0.97
0.02267,586367390,80,60,0.485363926,0.305,0.97
0.51086,586367391,80,60,0.485363926,0.305,0.97
0.05305,586373551,80,60,0.485363926,0.305,0.97
0.06337,586373552,80,60,0.485363926,0.305,0.97
0.1113,586373553,80,60,0.485363926,0.305,0.97
0.20354,586373554,80,60,0.485363926,0.305,0.97
0.34882,586373555,80,60,0.485363926,0.305,0.97
0.20311,586373556,80,60,0.485363926,0.305,0.97
0.06331,586373557,80,60,0.485363926,0.305,0.97
0.22203,586373558,80,60,0.485363926,0.305,0.97
0.06477,586624070,80,60,0.485363926,0.305,0.97
0.11274,586624071,80,60,0.485363926,0.305,0.97
0.11381,586626134,80,60,0.485363926,0.305,0.97
0.11946,586645793,80,60,0.485363926,0.305,0.97
0.0908,586645794,80,60,0.485363926,0.305,0.97
0.11471,586645795,80,60,0.485363926,0.305,0.97
0.08423,586645796,80,60,0.485363926,0.305,0.97
0.07524,586645797,80,60,0.485363926,0.305,0.97
0.10779,586645798,80,60,0.485363926,0.305,0.97
0.14535,586645799,80,60,0.485363926,0.305,0.97
0.12522,586656930,80,60,0.485363926,0.305,0.97
0.08722,586656931,80,60,0.485363926,0.305,0.97
0.14194,586656932,80,60,0.485363926,0.305,0.97
0.13499,586656933,80,60,0.485363926,0.305,0.97
0.0212,586656934,80,60,0.485363926,0.305,0.97
0.22425,586656935,80,60,0.485363926,0.305,0.97
0.3638,586656936,80,60,0.485363926,0.305,0.97
0.03962,586659408,80,60,0.485363926,0.305,0.97
0.05316,586659409,80,60,0.485363926,0.305,0.97
0.06117,586659410,80,60,0.485363926,0.305,0.97
0.10564,586659411,80,60,0.485363926,0.305,0.97
0.07999,586659412,80,60,0.485363926,0.305,0.97
0.08664,586662955,80,60,0.485363926,0.305,0.97
0.02052,586669619,80,60,0.485363926,0.305,0.97
0.02071,586669620,80,60,0.485363926,0.305,0.97
0.04078,586669621,80,60,0.485363926,0.305,0.97
0.13208,586669622,80,60,0.485363926,0.305,0.97
0.78099,587132628,80,60,0.485363926,0.305,0.97
0.75047,587132629,80,60,0.485363926,0.305,0.97
0.85729,587132630,80,60,0.485363926,0.305,0.97
0.01299,587359857,80,60,0.485363926,0.305,0.97
0.01359,587359858,80,60,0.485363926,0.305,0.97
1.70508,587359859,80,60,0.485363926,0.305,0.97
0.03344,587361889,80,60,0.485363926,0.305,0.97
0.05438,587361891,80,60,0.485363926,0.305,0.97
0.05547,587361892,80,60,0.485363926,0.305,0.97
0.09581,595620127,80,60,0.485363926,0.305,0.97
0.08192,595880612,80,60,0.485363926,0.305,0.97
0.05334,595880613,80,60,0.485363926,0.305,0.97
0.0211,596634604,80,60,0.485363926,0.305,0.97
0.09199,596634608,80,60,0.485363926,0.305,0.97
0.10985,596634626,80,60,0.485363926,0.305,0.97
0.02704,596634627,80,60,0.485363926,0.305,0.97
0.08167,596634628,80,60,0.485363926,0.305,0.97
0.05111,596634642,80,60,0.485363926,0.305,0.97
0.02794,596634643,80,60,0.485363926,0.305,0.97
0.02817,596634644,80,60,0.485363926,0.305,0.97
0.06902,597498790,80,60,0.485363926,0.305,0.97
0.0544,598412504,80,60,0.485363926,0.305,0.97
0.02697,598412505,80,60,0.485363926,0.305,0.97
0.0733,598412506,80,60,0.485363926,0.305,0.97
0.0273,598412507,80,60,0.485363926,0.305,0.97
0.28374,598412508,80,60,0.485363926,0.305,0.97
0.03817,598412510,80,60,0.485363926,0.305,0.97
0.2277,598412511,80,60,0.485363926,0.305,0.97
0.0384,598412512,80,60,0.485363926,0.305,0.97
0.02286,598412513,80,60,0.485363926,0.305,0.97
0.05919,598656252,80,60,0.485363926,0.305,0.97
0.14022,598656253,850,60,0.485363926,0.305,0.97
0.18152,598656478,80,60,0.485363926,0.305,0.97
0.02416,598999098,80,60,0.485363926,0.305,0.97
0.02287,599054475,80,60,0.485363926,0.305,0.97
0.0085,599054476,80,60,0.485363926,0.305,0.97
0.04914,599054477,80,60,0.485363926,0.305,0.97
0.02689,599054478,89,60,0.485363926,0.305,0.97
0.21201,604051579,80,60,0.485363926,0.305,0.97
0.07799,604051581,80,60,0.485363926,0.305,0.97
0.07734,604051583,80,60,0.485363926,0.305,0.97
0.01595,604051584,80,60,0.485363926,0.305,0.97
0.0818,604051586,80,60,0.485363926,0.305,0.97
0.08269,604386589,80,60,0.485363926,0.305,0.97
0.01385,604386593,80,60,0.485363926,0.305,0.97
0.06836,604386614,80,60,0.485363926,0.305,0.97
0.13315,604386616,80,60,0.485363926,0.305,0.97
0.09201,604386618,80,60,0.485363926,0.305,0.97
0.11876,604386619,80,60,0.485363926,0.305,0.97
0.05522,608838352,80,60,0.485363926,0.305,0.97
0.02194,640507507,80,60,0.485363926,0.305,0.97
0.02319,640507508,80,60,0.485363926,0.305,0.97
0.01959,640507509,80,60,0.485363926,0.305,0.97
0.03311,640507510,80,60,0.485363926,0.305,0.97
0.01772,640507511,80,60,0.485363926,0.305,0.97
0.02017,640507512,80,60,0.485363926,0.305,0.97
0.56902,640507513,80,60,0.485363926,0.305,0.97
0.81611,654211003,80,60,0.485363926,0.305,0.97
21.96127,670148888,80,60,0.485363926,0.305,0.97
0.03641,671518073,80,60,0.485363926,0.305,0.97
0.19666,671518107,80,60,0.485363926,0.305,0.97
2.99116,671558236,80,60,0.485363926,0.305,0.97
1.72272,671568501,80,60,0.485363926,0.305,0.97
0.17469,671587369,80,60,0.485363926,0.305,0.97
0.21343,671991258,80,60,0.485363926,0.305,0.97
0.03115,671991264,80,60,0.485363926,0.305,0.97
0.00776,671991265,80,60,0.485363926,0.305,0.97
0.22068,671991267,80,60,0.485363926,0.305,0.97
0.23036,671991268,80,60,0.485363926,0.305,0.97
0.20695,671991282,80,60,0.485363926,0.305,0.97
0.19093,671991283,80,60,0.485363926,0.305,0.97
0.1827,672092062,80,60,0.485363926,0.305,0.97
0.08963,672092064,80,60,0.485363926,0.305,0.97
0.09415,672092066,80,60,0.485363926,0.305,0.97
0.12431,672092068,80,60,0.485363926,0.305,0.97
0.27204,672092070,80,60,0.485363926,0.305,0.97
0.08031,672092121,80,60,0.485363926,0.305,0.97
0.07986,672092185,80,60,0.485363926,0.305,0.97
0.04972,672092188,80,60,0.485363926,0.305,0.97
0.09584,672092190,80,60,0.485363926,0.305,0.97
0.08318,679723478,80,60,0.485363926,0.305,0.97
0.03782,679723479,870,60,0.485363926,0.305,0.97
0.04713,679734356,80,60,0.485363926,0.305,0.97
0.04418,679734357,80,60,0.485363926,0.305,0.97
0.04469,679734358,80,60,0.485363926,0.305,0.97
0.07712,679734359,80,60,0.485363926,0.305,0.97
0.07394,704783392,80,60,0.485363926,0.305,0.97
0.69243,705789473,80,60,0.485363926,0.305,0.97
0.0106,705789474,80,60,0.485363926,0.305,0.97
0.00647,705789475,80,60,0.485363926,0.305,0.97
0.0066,705789476,80,60,0.485363926,0.305,0.97
0.03916,705789477,300,60,0.485363926,0.305,0.97
0.0545,705796799,80,60,0.485363926,0.305,0.97
0.16253,705875890,80,60,0.485363926,0.305,0.97
0.11596,705875891,80,60,0.485363926,0.305,0.97
0.1349,705949460,80,60,0.485363926,0.305,0.97
0.17832,705957739,80,60,0.485363926,0.305,0.97
0.11083,705957740,80,60,0.485363926,0.305,0.97
0.02522,706086648,80,60,0.485363926,0.305,0.97
0.09326,707000522,80,60,0.485363926,0.305,0.97
0.05013,707000558,80,60,0.485363926,0.305,0.97
0.05469,707000559,80,60,0.485363926,0.305,0.97
0.03536,707000560,80,60,0.485363926,0.305,0.97
0.22551,707240931,80,60,0.485363926,0.305,0.97
0.54211,707240932,80,60,0.485363926,0.305,0.97
0.43859,707240933,80,60,0.485363926,0.305,0.97
0.34094,707240934,80,60,0.485363926,0.305,0.97
0.01902,707240935,80,60,0.485363926,0.305,0.97
0.13083,725318500,80,60,0.485363926,0.305,0.97
0.04191,725840253,80,60,0.485363926,0.305,0.97
0.03093,725840254,80,60,0.485363926,0.305,0.97
0.12072,726032359,80,60,0.485363926,0.305,0.97
0.02766,726048574,80,60,0.485363926,0.305,0.97
0.03974,726048575,80,60,0.485363926,0.305,0.97
0.00577,726048576,80,60,0.485363926,0.305,0.97
0.4162,726120354,80,60,0.485363926,0.305,0.97
0.03865,726603841,80,60,0.485363926,0.305,0.97
0.07796,726603842,80,60,0.485363926,0.305,0.97
0.18642,726614970,180,60,0.485363926,0.305,0.97
0.07207,726625445,80,60,0.485363926,0.305,0.97
0.07263,726625446,80,60,0.485363926,0.305,0.97
0.07277,726625447,80,60,0.485363926,0.305,0.97
0.12188,726625448,80,60,0.485363926,0.305,0.97
0.08396,726625449,80,60,0.485363926,0.305,0.97
0.0105,726625450,80,60,0.485363926,0.305,0.97
0.13038,726625451,80,60,0.485363926,0.305,0.97
0.10911,726625452,80,60,0.485363926,0.305,0.97
0.10337,726625453,80,60,0.485363926,0.305,0.97
0.10574,726625454,80,60,0.485363926,0.305,0.97
0.1058,726625455,80,60,0.485363926,0.305,0.97
0.10576,726625456,80,60,0.485363926,0.305,0.97
0.10627,726625457,80,60,0.485363926,0.305,0.97
0.10466,726625458,80,60,0.485363926,0.305,0.97
0.10234,726625459,80,60,0.485363926,0.305,0.97
0.09937,726625460,80,60,0.485363926,0.305,0.97
0.22779,726625461,80,60,0.485363926,0.305,0.97
0.24123,726625462,80,60,0.485363926,0.305,0.97
0.12463,726625463,80,60,0.485363926,0.305,0.97
0.03119,727640497,80,60,0.485363926,0.305,0.97
0.10216,727640498,80,60,0.485363926,0.305,0.97
0.09358,727640499,80,60,0.485363926,0.305,0.97
0.05739,727640500,80,60,0.485363926,0.305,0.97
0.28658,727640501,80,60,0.485363926,0.305,0.97
0.04978,727691925,80,60,0.485363926,0.305,0.97
0.05811,727691926,80,60,0.485363926,0.305,0.97
0.05023,738073128,80,60,0.485363926,0.305,0.97
0.14961,738073129,80,60,0.485363926,0.305,0.97
0.11756,738186624,80,60,0.485363926,0.305,0.97
0.02494,738186684,80,60,0.485363926,0.305,0.97
0.05824,738186685,80,60,0.485363926,0.305,0.97
0.03823,738389275,80,60,0.485363926,0.305,0.97
0.01179,738389276,280,60,0.485363926,0.305,0.97
0.072,738389277,80,60,0.485363926,0.305,0.97
0.17904,738389278,80,60,0.485363926,0.305,0.97
0.04406,738399150,80,60,0.485363926,0.305,0.97
0.10273,738399151,80,60,0.485363926,0.305,0.97
0.0562,738425593,80,60,0.485363926,0.305,0.97
0.10612,738430952,80,60,0.485363926,0.305,0.97
0.15287,738430953,80,60,0.485363926,0.305,0.97
0.0674,738430954,80,60,0.485363926,0.305,0.97
0.0684,738430955,80,60,0.485363926,0.305,0.97
0.06831,738430956,80,60,0.485363926,0.305,0.97
0.22527,738430957,80,60,0.485363926,0.305,0.97
0.06143,738528611,80,60,0.485363926,0.305,0.97
0.65472,738901905,80,60,0.485363926,0.305,0.97
0.65842,738901916,80,60,0.485363926,0.305,0.97
0.19128,739545846,80,60,0.485363926,0.305,0.97
0.3428,740626968,80,60,0.485363926,0.305,0.97
0.38129,740626969,80,60,0.485363926,0.305,0.97
0.12143,740626970,80,60,0.485363926,0.305,0.97
0.45487,740626971,80,60,0.485363926,0.305,0.97
1.16662,740626972,80,60,0.485363926,0.305,0.97
0.03809,742147486,80,60,0.485363926,0.305,0.97
0.22249,742147487,80,60,0.485363926,0.305,0.97
0.02556,746415945,80,60,0.485363926,0.305,0.97
0.07195,746415951,80,60,0.485363926,0.305,0.97
0.08739,746415990,80,60,0.485363926,0.305,0.97
0.05971,748842479,80,60,0.485363926,0.305,0.97
0.04097,748842487,80,60,0.485363926,0.305,0.97
0.12464,748842489,80,60,0.485363926,0.305,0.97
0.06811,748842494,80,60,0.485363926,0.305,0.97
0.06858,748842495,80,60,0.485363926,0.305,0.97
0.11785,748842496,80,60,0.485363926,0.305,0.97
0.16055,748842497,80,60,0.485363926,0.305,0.97
0.26523,748842498,80,60,0.485363926,0.305,0.97
0.03701,748842499,80,60,0.485363926,0.305,0.97
0.15661,748842500,80,60,0.485363926,0.305,0.97
0.03947,748842501,80,60,0.485363926,0.305,0.97
0.16528,752842530,80,60,0.485363926,0.305,0.97
0.1445,752842531,80,60,0.485363926,0.305,0.97
0.08488,752842532,80,60,0.485363926,0.305,0.97
0.13566,752842533,80,60,0.485363926,0.305,0.97
0.05883,752842534,80,60,0.485363926,0.305,0.97
0.05573,752842535,80,60,0.485363926,0.305,0.97
0.11275,752842536,80,60,0.485363926,0.305,0.97
0.08923,752842537,80,60,0.485363926,0.305,0.97
0.11193,761624993,80,60,0.485363926,0.305,0.97
0.13307,761869392,80,60,0.485363926,0.305,0.97
0.5881,761872268,80,60,0.485363926,0.305,0.97
1.20818,762582690,80,60,0.485363926,0.305,0.97
0.02071,773481416,99,60,0.485363926,0.305,0.97
0.1697,781859451,80,60,0.485363926,0.305,0.97
0.00064,783370930,80,60,0.485363926,0.305,0.97
0.27378,783370931,80,60,0.485363926,0.305,0.97
0.00139,783370932,80,60,0.485363926,0.305,0.97
0.01113,783370933,80,60,0.485363926,0.305,0.97
0.36672,783370934,80,60,0.485363926,0.305,0.97
0.06937,784134464,80,60,0.485363926,0.305,0.97
0.08253,784135546,80,60,0.485363926,0.305,0.97
0.11544,784657189,80,60,0.485363926,0.305,0.97
0.06161,784960380,80,60,0.485363926,0.305,0.97
0.14087,784992305,80,60,0.485363926,0.305,0.97
0.09349,785000758,80,60,0.485363926,0.305,0.97
0.1745,786962823,80,60,0.485363926,0.305,0.97
0.06161,790722715,80,60,0.485363926,0.305,0.97
0.04547,806330696,80,60,0.485363926,0.305,0.97
0.04299,806330697,80,60,0.485363926,0.305,0.97
0.04828,806330698,80,60,0.485363926,0.305,0.97
0.0493,806330699,80,60,0.485363926,0.305,0.97
0.0498,806330700,80,60,0.485363926,0.305,0.97
0.05099,806330701,80,60,0.485363926,0.305,0.97
0.05137,806330702,80,60,0.485363926,0.305,0.97
0.14336,806330703,80,60,0.485363926,0.305,0.97
0.15733,828125159,80,60,0.485363926,0.305,0.97
0.15425,828125160,80,60,0.485363926,0.305,0.97
0.04778,828778192,80,60,0.485363926,0.305,0.97
0.11191,828778193,80,60,0.485363926,0.305,0.97
0.06507,828784155,80,60,0.485363926,0.305,0.97
0.09536,828784156,34,60,0.485363926,0.305,0.97
0.02012,828784157,80,60,0.485363926,0.305,0.97
0.0769,828790690,80,60,0.485363926,0.305,0.97
0.05939,828790691,80,60,0.485363926,0.305,0.97
0.05138,828790692,80,60,0.485363926,0.305,0.97
0.10586,828804910,80,60,0.485363926,0.305,0.97
0.07774,828805446,80,60,0.485363926,0.305,0.97
0.06181,828805447,80,60,0.485363926,0.305,0.97
0.02951,828805448,80,60,0.485363926,0.305,0.97
0.0552,829098108,80,60,0.485363926,0.305,0.97
0.03622,832537712,80,60,0.485363926,0.305,0.97
0.01614,847600053,80,60,0.485363926,0.305,0.97
0.19516,848006212,80,60,0.485363926,0.305,0.97
0.1021,848006213,80,60,0.485363926,0.305,0.97
0.19044,848006214,80,60,0.485363926,0.305,0.97
0.01173,848006215,80,60,0.485363926,0.305,0.97
0.13312,848006216,80,60,0.485363926,0.305,0.97
0.05933,848006217,80,60,0.485363926,0.305,0.97
0.20503,848274892,80,60,0.485363926,0.305,0.97
0.02872,848274893,80,60,0.485363926,0.305,0.97
0.09839,848278699,80,60,0.485363926,0.305,0.97
0.14918,848278700,80,60,0.485363926,0.305,0.97
0.07158,848278701,80,60,0.485363926,0.305,0.97
0.03412,848278702,80,60,0.485363926,0.305,0.97
0.15373,848278703,80,60,0.485363926,0.305,0.97
0.03884,848278704,80,60,0.485363926,0.305,0.97
0.16431,848278705,80,60,0.485363926,0.305,0.97
0.19343,848278706,80,60,0.485363926,0.305,0.97
0.05579,848278707,80,60,0.485363926,0.305,0.97
0.18013,848278708,80,60,0.485363926,0.305,0.97
0.2729,848278709,80,60,0.485363926,0.305,0.97
0.0592,848278710,80,60,0.485363926,0.305,0.97
0.05901,848278711,80,60,0.485363926,0.305,0.97
0.05877,848278712,80,60,0.485363926,0.305,0.97
0.07625,848292099,80,60,0.485363926,0.305,0.97
0.1081,850016413,80,60,0.485363926,0.305,0.97
0.09285,850016414,80,60,0.485363926,0.305,0.97
0.54262,850016415,70,60,0.485363926,0.305,0.97
0.35122,850016416,80,60,0.485363926,0.305,0.97
0.05314,850016417,80,60,0.485363926,0.305,0.97
0.05438,850016418,80,60,0.485363926,0.305,0.97
0.05799,850016419,80,60,0.485363926,0.305,0.97
0.06034,850016420,80,60,0.485363926,0.305,0.97
0.06191,850016421,80,60,0.485363926,0.305,0.97
0.06283,850016422,80,60,0.485363926,0.305,0.97
0.03319,850016423,80,60,0.485363926,0.305,0.97
0.04059,850016424,80,60,0.485363926,0.305,0.97
0.02479,850016425,80,60,0.485363926,0.305,0.97
0.02759,850016426,80,60,0.485363926,0.305,0.97
0.02792,850016427,80,60,0.485363926,0.305,0.97
0.18273,850016428,80,60,0.485363926,0.305,0.97
0.03735,850016429,80,60,0.485363926,0.305,0.97
0.04658,850016431,80,60,0.485363926,0.305,0.97
0.01976,850016432,80,60,0.485363926,0.305,0.97
0.06768,850016433,80,60,0.485363926,0.305,0.97
0.13138,850016434,80,60,0.485363926,0.305,0.97
0.07421,850016435,80,60,0.485363926,0.305,0.97
0.0631,850016436,80,60,0.485363926,0.305,0.97
0.09065,850016437,80,60,0.485363926,0.305,0.97
0.0587,850016438,80,60,0.485363926,0.305,0.97
0.15984,850016439,80,60,0.485363926,0.305,0.97
0.58757,850019005,80,60,0.485363926,0.305,0.97
0.0746,850019007,80,60,0.485363926,0.305,0.97
0.11253,893442162,80,60,0.485363926,0.305,0.97
0.01646,922935441,80,60,0.485363926,0.305,0.97
0.06283,946957852,80,60,0.485363926,0.305,0.97
0.12008,946957853,80,60,0.485363926,0.305,0.97
0.01875,961575545,80,60,0.485363926,0.305,0.97
0.31948,961575546,80,60,0.485363926,0.305,0.97
0.18853,964252831,80,60,0.485363926,0.305,0.97
0.13135,976794867,90,60,0.485363926,0.305,0.97
0.16902,1016926882,80,60,0.485363926,0.305,0.97
0.02084,1016926883,80,60,0.485363926,0.305,0.97
0.02063,1016926884,80,60,0.485363926,0.305,0.97
0.02071,1016926885,80,60,0.485363926,0.305,0.97
0.02037,1016926886,80,60,0.485363926,0.305,0.97
0.02145,1016926887,80,60,0.485363926,0.305,0.97
0.03583,1018978301,70,60,0.485363926,0.305,0.97
0.14239,1018978387,80,60,0.485363926,0.305,0.97
0.23263,1019903920,80,60,0.485363926,0.305,0.97
0.09351,1019983616,80,60,0.485363926,0.305,0.97
0.10642,1019983752,80,60,0.485363926,0.305,0.97
0.1731,1019984007,80,60,0.485363926,0.305,0.97
0.20547,1019984208,80,60,0.485363926,0.305,0.97
0.09751,1034067155,80,60,0.485363926,0.305,0.97
0.06486,1034737959,80,60,0.485363926,0.305,0.97
0.07479,1034738783,80,60,0.485363926,0.305,0.97
0.03406,1061539536,60,60,0.485363926,0.305,0.97
0.03598,1061543655,80,60,0.485363926,0.305,0.97
0.01458,1061543656,80,60,0.485363926,0.305,0.97
0.16728,1061543657,80,60,0.485363926,0.305,0.97
0.00686,1061543658,80,60,0.485363926,0.305,0.97
0.10872,1061543659,80,60,0.485363926,0.305,0.97
0.1572,1061543660,80,60,0.485363926,0.305,0.97
0.13,1064238688,80,60,0.485363926,0.305,0.97
0.02904,1065026752,80,60,0.485363926,0.305,0.97
0.10818,1065026753,80,60,0.485363926,0.305,0.97
0.03397,1067200367,80,60,0.485363926,0.305,0.97
0.02731,1067200368,80,60,0.485363926,0.305,0.97
0.10897,1067200369,80,60,0.485363926,0.305,0.97
6.85942,1071098798,80,60,0.485363926,0.305,0.97
0.05255,1077857053,80,60,0.485363926,0.305,0.97
0.05295,1090001741,80,60,0.485363926,0.305,0.97
0.00934,1095064925,80,60,0.485363926,0.305,0.97
0.0243,1095064926,80,60,0.485363926,0.305,0.97
0.09186,1095064927,80,60,0.485363926,0.305,0.97
0.02612,1095064928,80,60,0.485363926,0.305,0.97
0.08283,1095064929,80,60,0.485363926,0.305,0.97
0.07072,1095064930,80,60,0.485363926,0.305,0.97
0.03933,1095064931,80,60,0.485363926,0.305,0.97
0.01089,1104860632,80,60,0.485363926,0.305,0.97
0.02914,1104860633,80,60,0.485363926,0.305,0.97
0.06482,1104860634,80,60,0.485363926,0.305,0.97
0.01269,1104863972,80,60,0.485363926,0.305,0.97
0.07964,1104863973,80,60,0.485363926,0.305,0.97
0.01453,1104863974,80,60,0.485363926,0.305,0.97
0.02388,1104863975,80,60,0.485363926,0.305,0.97
0.6775,1113603142,80,60,0.485363926,0.305,0.97
0.71364,1113603144,80,60,0.485363926,0.305,0.97
0.04704,1114808435,80,60,0.485363926,0.305,0.97
0.0677,1114808436,80,60,0.485363926,0.305,0.97
0.02984,1114808437,80,60,0.485363926,0.305,0.97
0.32224,1114808438,80,60,0.485363926,0.305,0.97
0.05982,1116495243,80,60,0.485363926,0.305,0.97
0.01368,1116495244,80,60,0.485363926,0.305,0.97
0.03555,1117087941,80,60,0.485363926,0.305,0.97
0.02068,1123857551,80,60,0.485363926,0.305,0.97
0.03268,1123857552,80,60,0.485363926,0.305,0.97
0.0391,1123857553,80,60,0.485363926,0.305,0.97
0.06774,1123857554,80,60,0.485363926,0.305,0.97
0.02662,1134431189,80,60,0.485363926,0.305,0.97
0.04919,1134431190,80,60,0.485363926,0.305,0.97
0.0337,1134431191,80,60,0.485363926,0.305,0.97
0.01974,1134431192,80,60,0.485363926,0.305,0.97
0.05241,1134431193,80,60,0.485363926,0.305,0.97
0.07523,1134431196,80,60,0.485363926,0.305,0.97
0.05196,1134431197,80,60,0.485363926,0.305,0.97
0.02758,1134431198,80,60,0.485363926,0.305,0.97
0.02368,1134431199,80,60,0.485363926,0.305,0.97
0.07412,1135214790,80,60,0.485363926,0.305,0.97
0.05683,1135217831,80,60,0.485363926,0.305,0.97
0.14452,1145099190,80,60,0.485363926,0.305,0.97
0.07014,1145594420,80,60,0.485363926,0.305,0.97
0.06301,1148432150,80,60,0.485363926,0.305,0.97
0.04641,1150644724,80,60,0.485363926,0.305,0.97
0.04734,1150644725,80,60,0.485363926,0.305,0.97
0.03401,1150644726,80,60,0.485363926,0.305,0.97
0.04455,1150644727,80,60,0.485363926,0.305,0.97
0.04302,1150644728,80,60,0.485363926,0.305,0.97
0.05535,1150644729,80,60,0.485363926,0.305,0.97
0.05698,1150644730,80,60,0.485363926,0.305,0.97
0.08932,1150644731,80,60,0.485363926,0.305,0.97
0.10402,1153508921,80,60,0.485363926,0.305,0.97
0.13551,1153508922,80,60,0.485363926,0.305,0.97
0.50544,1153508923,80,60,0.485363926,0.305,0.97
0.10515,1153508924,80,60,0.485363926,0.305,0.97
0.52336,1153508925,80,60,0.485363926,0.305,0.97
0.10688,1158760738,80,60,0.485363926,0.305,0.97
0.09115,1158760739,80,60,0.485363926,0.305,0.97
0.13187,1158917520,80,60,0.485363926,0.305,0.97
0.06642,1159836127,80,60,0.485363926,0.305,0.97
0.0508,1159836128,80,60,0.485363926,0.305,0.97
0.07971,1159836129,80,60,0.485363926,0.305,0.97
0.08941,1159836130,80,60,0.485363926,0.305,0.97
0.0046,1163525563,80,60,0.485363926,0.305,0.97
0.02977,1163525564,80,60,0.485363926,0.305,0.97
0.06203,1163565015,480,60,0.485363926,0.305,0.97
0.03295,1168461160,80,60,0.485363926,0.305,0.97
0.06348,1168461161,80,60,0.485363926,0.305,0.97
0.06545,1168461162,80,60,0.485363926,0.305,0.97
0.08713,1168461163,80,60,0.485363926,0.305,0.97
0.07316,1168461164,80,60,0.485363926,0.305,0.97
0.04968,1177426571,80,60,0.485363926,0.305,0.97
0.06856,1177426572,80,60,0.485363926,0.305,0.97
0.04595,1177523237,80,60,0.485363926,0.305,0.97
0.05949,1177523238,80,60,0.485363926,0.305,0.97
0.0482,1177523239,80,60,0.485363926,0.305,0.97
0.06952,1177523240,80,60,0.485363926,0.305,0.97
0.02065,1177523241,80,60,0.485363926,0.305,0.97
0.04772,1177523242,80,60,0.485363926,0.305,0.97
0.0956,1180368345,80,60,0.485363926,0.305,0.97
0.06431,1187190269,80,60,0.485363926,0.305,0.97
0.06723,1187190270,80,60,0.485363926,0.305,0.97
0.00935,1192333572,80,60,0.485363926,0.305,0.97
0.00875,1192333573,80,60,0.485363926,0.305,0.97
0.25827,1198554569,80,60,0.485363926,0.305,0.97
0.02994,1206231726,80,60,0.485363926,0.305,0.97
0.01264,1207723658,80,60,0.485363926,0.305,0.97
0.03997,1207723659,80,60,0.485363926,0.305,0.97
0.27463,1207723664,80,60,0.485363926,0.305,0.97
0.03971,1207723665,80,60,0.485363926,0.305,0.97
0.03154,1207723666,80,60,0.485363926,0.305,0.97
0.01116,1207723667,80,60,0.485363926,0.305,0.97
0.11452,1207723668,800,60,0.485363926,0.305,0.97
0.13832,1207723669,80,60,0.485363926,0.305,0.97
0.01549,1207723670,80,60,0.485363926,0.305,0.97
0.04558,1207723671,80,60,0.485363926,0.305,0.97
0.06014,1216150989,80,60,0.485363926,0.305,0.97
0.04495,1216150990,80,60,0.485363926,0.305,0.97
0.0386,1216150991,80,60,0.485363926,0.305,0.97
0.08044,1216150992,80,60,0.485363926,0.305,0.97
0.10038,1216150993,80,60,0.485363926,0.305,0.97
0.1532,1229195575,80,60,0.485363926,0.305,0.97
0.01802,1229224846,70,60,0.485363926,0.305,0.97
0.10736,1229224847,80,60,0.485363926,0.305,0.97
0.06293,1229251804,80,60,0.485363926,0.305,0.97
0.01918,1229605446,80,60,0.485363926,0.305,0.97
0.09106,1229605447,80,60,0.485363926,0.305,0.97
0.04362,1229625078,80,60,0.485363926,0.305,0.97
0.48166,1230229568,80,60,0.485363926,0.305,0.97
0.0761,1230524193,80,60,0.485363926,0.305,0.97
0.05786,1253618187,80,60,0.485363926,0.305,0.97
0.05845,1255426305,80,60,0.485363926,0.305,0.97
0.08454,1255426306,80,60,0.485363926,0.305,0.97
0.10077,1288242710,80,60,0.485363926,0.305,0.97
0.00753,1288242711,80,60,0.485363926,0.305,0.97
0.01219,1288242712,80,60,0.485363926,0.305,0.97
0.05311,1288242713,80,60,0.485363926,0.305,0.97
0.06739,1288242714,80,60,0.485363926,0.305,0.97
0.06634,1305869053,80,60,0.485363926,0.305,0.97
0.07405,1305869054,80,60,0.485363926,0.305,0.97
0.0177,1305869055,80,60,0.485363926,0.305,0.97
0.02423,1305869056,80,60,0.485363926,0.305,0.97
0.05087,1305869057,80,60,0.485363926,0.305,0.97
0.03733,1305869058,80,60,0.485363926,0.305,0.97
0.14813,1305869059,80,60,0.485363926,0.305,0.97
0.07679,1313134903,80,60,0.485363926,0.305,0.97
0.07392,1313134904,80,60,0.485363926,0.305,0.97
0.06727,1313134905,80,60,0.485363926,0.305,0.97
0.10633,1313134906,80,60,0.485363926,0.305,0.97
0.08732,1314270806,80,60,0.485363926,0.305,0.97
0.03899,1314270807,80,60,0.485363926,0.305,0.97
0.06793,1314270808,80,60,0.485363926,0.305,0.97
0.46763,1321599125,80,60,0.485363926,0.305,0.97
0.00638,1321599126,80,60,0.485363926,0.305,0.97
0.01203,1321599127,80,60,0.485363926,0.305,0.97
0.00875,1321599128,80,60,0.485363926,0.305,0.97
0.01675,1321606439,80,60,0.485363926,0.305,0.97
0.15658,1323006303,80,60,0.485363926,0.305,0.97
0.01301,1323096799,80,60,0.485363926,0.305,0.97
0.08202,1323096800,80,60,0.485363926,0.305,0.97
0.16224,1323096801,80,60,0.485363926,0.305,0.97
0.02361,1323096802,80,60,0.485363926,0.305,0.97
0.00276,1323096803,80,60,0.485363926,0.305,0.97
0.00637,1323096804,80,60,0.485363926,0.305,0.97
0.13988,1343490172,80,60,0.485363926,0.305,0.97
0.08668,1343552412,80,60,0.485363926,0.305,0.97
0.09943,1343936056,80,60,0.485363926,0.305,0.97
0.00696,1343936057,80,60,0.485363926,0.305,0.97
0.00639,1343936058,80,60,0.485363926,0.305,0.97
0.01795,1343936059,80,60,0.485363926,0.305,0.97
0.08108,1348856287,80,60,0.485363926,0.305,0.97
0.05311,1348856288,80,60,0.485363926,0.305,0.97
0.06614,1348856289,80,60,0.485363926,0.305,0.97
0.05018,1353974308,80,60,0.485363926,0.305,0.97
0.06015,1353974309,680,60,0.485363926,0.305,0.97
0.05354,1353974310,80,60,0.485363926,0.305,0.97
0.08219,1353974311,80,60,0.485363926,0.305,0.97
0.02061,1378279404,80,60,0.485363926,0.305,0.97
12.87015,1384087782,80,60,0.485363926,0.305,0.97
6.93335,1384087786,80,60,0.485363926,0.305,0.97
7.97391,1384087788,80,60,0.485363926,0.305,0.97
6.6335,1384087793,80,60,0.485363926,0.305,0.97
3.31085,1384087802,80,60,0.485363926,0.305,0.97
1.64465,1384087808,80,60,0.485363926,0.305,0.97
78.04134,1384087818,80,60,0.485363926,0.305,0.97
9.8033,1384087821,68,60,0.485363926,0.305,0.97
33.32882,1384087825,80,60,0.485363926,0.305,0.97
37.92885,1384087827,80,60,0.485363926,0.305,0.97
23.72959,1384087828,80,60,0.485363926,0.305,0.97
9.61797,1384087829,80,60,0.485363926,0.305,0.97
65.45205,1384087830,80,60,0.485363926,0.305,0.97
30.67329,1384087831,80,60,0.485363926,0.305,0.97
9.08783,1384087832,80,60,0.485363926,0.305,0.97
21.82843,1384087838,80,60,0.485363926,0.305,0.97
22.13663,1384089638,80,60,0.485363926,0.305,0.97
19.25096,1384089639,80,60,0.485363926,0.305,0.97
0.01313,1388160873,80,60,0.485363926,0.305,0.97
0.03536,1389869748,80,60,0.485363926,0.305,0.97
0.01889,1408856047,80,60,0.485363926,0.305,0.97
0.17172,1408856048,80,60,0.485363926,0.305,0.97
0.02697,1413602254,80,60,0.485363926,0.305,0.97
0.02657,1413602255,80,60,0.485363926,0.305,0.97
0.03526,1413602256,80,60,0.485363926,0.305,0.97
0.03452,1413602257,80,60,0.485363926,0.305,0.97
0.04769,1413602258,80,60,0.485363926,0.305,0.97
0.04596,1413602259,80,60,0.485363926,0.305,0.97
0.06026,1413604291,80,60,0.485363926,0.305,0.97
0.03801,1418560366,80,60,0.485363926,0.305,0.97
0.02739,1418560367,80,60,0.485363926,0.305,0.97
0.06826,1418560368,80,60,0.485363926,0.305,0.97
0.08759,1418560369,80,60,0.485363926,0.305,0.97
0.01677,1418563858,80,60,0.485363926,0.305,0.97
0.04083,1418563859,80,60,0.485363926,0.305,0.97
0.02501,1418563860,80,60,0.485363926,0.305,0.97
0.25904,1418563861,80,60,0.485363926,0.305,0.97
0.11252,1418927734,80,60,0.485363926,0.305,0.97
0.06911,1418964599,80,60,0.485363926,0.305,0.97
22.93902,1420855045,80,60,0.485363926,0.305,0.97
0.00691,1421786241,80,60,0.485363926,0.305,0.97
0.01183,1421786242,80,60,0.485363926,0.305,0.97
0.02686,1421786243,80,60,0.485363926,0.305,0.97
0.01714,1426693845,280,60,0.485363926,0.305,0.97
0.121,1426693846,80,60,0.485363926,0.305,0.97
30.68887,1442933970,80,60,0.485363926,0.305,0.97
0.7421,1442935984,80,60,0.485363926,0.305,0.97
0.03185,1445452910,80,60,0.485363926,0.305,0.97
0.01997,1445452911,80,60,0.485363926,0.305,0.97
1.35931,301631,80,60,0.485363926,0.305,0.97
8.34778,2788290,80,60,0.485363926,0.305,0.97
1.48297,2788435,80,60,0.485363926,0.305,0.97
2.77991,2856870,80,60,0.485363926,0.305,0.97
18.77442,2856973,80,100,0.485363926,0.305,0.97
2.0414,2857306,80,60,0.485363926,0.305,0.97
23.49014,2860969,3480,80,0.485363926,0.305,0.99
1.47148,2870445,80,60,0.485363926,0.305,0.97
6.85942,10699301,5580,100,0.485363926,0.45,0.97
3.21418,15668733,80,60,0.485363926,0.305,0.97
3.23069,15668734,580,60,0.485363926,0.305,0.97
